,labels,counts
197,Citizen Science,59
92,Biodiversity,25
598,Inaturalist,14
633,Invasive species,12
763,Natural History Collections,10
207,Climate change,10
322,Deep Learning,9
59,Artificial intelligence,8
766,Natural history,8
351,Distribution,7
242,Community Science,7
253,Conservation,6
691,Machine Learning,6
1175,Urban ecology,6
1065,Species Distribution Modeling,6
250,Computer vision,5
783,New records,5
806,Occurrence,5
747,Morphology,5
1064,Species Distribution Model,5
690,MAXENT,5
281,Crowdsourcing,5
94,Biodiversity Data,5
667,Lepidoptera,5
189,Checklist,4
468,Flora,4
1034,Social Media,4
1225,Wildlife Monitoring,4
267,Covid‐19,4
1114,Taxonomy,4
266,Covid-19,4
503,Genetics,4
262,Coronavirus,4
1106,Systematics,4
106,Biogeography,4
104,Biodiversity informatics,4
88,Bioacoustics,4
505,Genomics,4
223,Coleoptera,4
1248,epidemiology,4
434,Exotic species,4
910,Pollinators,4
589,Identification,4
341,Digitization,4
7,Active Learning,4
918,Prevention,4
1265,protected areas,4
408,Endemism,3
981,Russia,3
861,Phasmida,3
866,Phenology,3
929,Public Awareness,3
894,Plant identification,3
277,Crowd-sourcing,3
956,Reflective Windows,3
359,Dna Barcodes,3
967,Reptiles,3
169,Camera Trapping,3
736,Mobile Application,3
647,Key,3
355,Diversity,3
392,Ecology,3
1263,pollinator,3
795,North America,3
224,Collaboration,3
558,Herpetofauna,3
125,Bird,3
173,Canada,3
123,Biota Of Canada,3
312,Data integration,3
1077,Species identification,3
697,Madagascar,3
625,Introduced species,3
908,Pollination,3
102,Biodiversity assessment,3
115,Biological invasions,3
1104,Syrphidae,2
215,Coastal Dunes,2
1098,Sustainability,2
1144,Transcriptomics,2
808,Occurrence Records,2
949,Range Extension,2
827,Orthoptera,2
194,China,2
810,Odonata,2
175,Cape Floristic Region,2
184,Cedar Waxwings,2
1094,Surveillance,2
553,Herbarium Labels,2
817,Online Learning,2
818,Online Pedagogy,2
160,COI,2
170,Camera Traps,2
198,Citizen Science Data,2
820,Ontology,2
569,Historical Data,2
164,California,2
574,Holocerus,2
1123,Tetrigoidea,2
546,Harlequin Ladybird,2
1088,Streams,2
313,Data processing,2
315,Database,2
318,Dataset,2
891,Plant Traits,2
321,Deep Convolutional Neural Networks,2
464,First Record,2
896,Plant phenology,2
897,Plants,2
335,Digital Conservation,2
452,Field Course,2
344,Diptera,2
358,Dna Barcode,2
363,Drought,2
421,Equity,2
961,Remote Instruction,2
390,Ecological niche modeling,2
409,Engagement,2
951,Range shift,2
948,Range Expansion,2
401,Education,2
1022,Smartphone,2
308,Data Quantity,2
841,Pandemic,2
307,Data Quality,2
515,Geometridae,2
1071,Species Observations,2
1067,Species Distribution Models,2
1063,Species Decline,2
259,Convolutional Neural Network,2
260,Convolutional Neural Networks,2
587,IUCN,2
869,Photography,2
1049,Southern Africa,2
1048,Southeast Asia,2
493,GIS,2
282,Cryptic Species,2
286,Cucujidae,2
488,Fruiting Trees,2
487,Fritted Window,2
294,DNA Barcoding,2
297,Darwin Core,2
1033,Social Insects,2
474,Floristics,2
155,Bumble bees,2
402,Elevation,2
101,Biodiversity Research Collections,2
661,Last Glacial Maximum,2
600,Inclusivity,2
749,Mosquito,2
82,Behavior,2
19,Alien species,2
83,Behaviour,2
604,Informatics,2
1257,nature conservation,2
628,Invasion Biology,2
87,Big Data,2
114,Biological invasion,2
132,Bird-friendly Window,2
113,Biological control,2
24,Amphibia,2
1253,herbarium,2
26,Andes,2
616,Insect migration,2
105,Biodiversity loss,2
717,Megachile Sculpturalis,2
28,Animal Identification,2
99,Biodiversity Monitoring,2
51,Arachnida,2
621,Integrative Taxonomy,2
784,New species,2
595,Image Classification,2
735,Mobile App,2
144,Botany,2
1223,Wildlife,2
684,Los Angeles,2
67,Automated Detection,2
1224,Wildlife Ecology,2
1264,potential distribution,2
1267,red list,2
893,Plant ecology,1
718,Megachilini,1
720,Melastomataceae,1
892,Plant diversity,1
721,Mentorship,1
874,Phyllium,1
719,Melanism,1
716,Mediterranean-climate Ecosystem,1
895,Plant leaf,1
715,Mediterranean Area,1
714,Medicinal plants,1
898,Plastic Waste,1
899,Platycleidini,1
900,Plecotus Gaisleri,1
901,Poaceae,1
902,Policy,1
873,Phylliini,1
713,Medically Relevant Snakes,1
722,Meranthium,1
881,Pieridae,1
875,Phylogenomics,1
878,Phytochemicals,1
883,Place-based,1
880,Phytotherapy,1
884,Place-based Design,1
885,Plankton,1
728,Micronesia,1
727,Microbotryum,1
729,Middle America,1
726,Microbiota,1
730,Milkweed,1
879,Phytogeography,1
731,Mimicry,1
882,Pigmentation,1
903,Pollard Walk,1
887,Plant Determination,1
888,Plant Images,1
725,Microalgae,1
724,Metrodorinae,1
877,Phylogeography,1
723,Mesoamérica,1
876,Phylogeny,1
889,Plant Observation,1
890,Plant Recognition,1
886,Plant Collection,1
785,Newts,1
904,Pollardbase,1
940,Queen Butterfly,1
930,Public Engagement,1
931,Public Health Monitoring,1
932,Public Health Promotion,1
933,Public Participation In Science,1
704,Marine Conservation,1
934,Public Participation In Scientific Research,1
935,Pyraloidea,1
936,Pyrrolizidine Alkaloids,1
703,Marine,1
937,Pyrénées.,1
938,Quaternary Climatic Fluctuations,1
939,Quebec,1
941,Queensland,1
712,Mediation Analysis,1
702,Mantodea,1
942,Quiet Extinction,1
943,R,1
944,Rabinowitz Rarity Classes,1
701,Mantids,1
700,Manitoba,1
945,Radseq,1
946,Railways,1
947,Range Contraction,1
699,Mammals,1
698,Malaise Trap,1
696,Macrosystems Analysis,1
928,Psychophily,1
927,Protocol,1
926,Protected Species,1
925,Proteaceae,1
905,Pollen Load,1
906,Pollen Monitoring,1
711,Maximum Entropy,1
907,Pollenkitt,1
710,Maxent Modeling,1
709,Maré,1
872,Phyllidiopsis,1
909,Pollinator Conservation,1
911,Polychrotidae,1
912,Polyphagy,1
913,Population,1
914,Population dynamic,1
708,Mars Analogue,1
915,Praying Mantis,1
916,Predation,1
917,Predictive Modelling,1
919,Primate Conservation,1
707,Marojejy,1
920,Prince Edward Island,1
921,Priorities,1
706,Marine ecosystems,1
705,Marine Species,1
922,Priority Conservation Areas,1
923,Proctotrupoidea,1
924,Program Evaluation,1
732,Misidentification,1
867,Phenotypic Change,1
871,Phyllidiella,1
819,Onset,1
811,One Health,1
812,Oniscidea,1
813,Online,1
772,Nectar Guide,1
814,Online Challenge,1
771,Nature’s Notebook,1
770,Nature Visits,1
815,Online Data,1
816,Online Instruction,1
769,Naturalization,1
768,Natural resources,1
767,Natural product,1
765,Natural History Museums,1
774,Neglected Tropical Disease,1
764,Natural History Museum Collections,1
762,Native species,1
821,Ontology Alignment,1
822,Open Data,1
823,Open Data Collection,1
824,Open Source,1
825,Orange,1
826,Ornamental plants,1
761,Native plants,1
760,National Species Survey,1
828,Outcomes,1
829,Outdoor App,1
773,Neglected Majority,1
809,Ocean Warming,1
870,Phyllidia,1
797,Northern Europe,1
787,Niche,1
788,Niche Conservatism,1
789,Nlcd,1
790,Noctuidae,1
791,Nomenclature,1
792,Non-model Organisims,1
793,Non‐native Species,1
794,Norops Sagrei,1
796,North American Butterflies,1
782,New record,1
781,New combinations,1
780,New Zealand,1
798,Nova Scotia,1
775,Neglected Tropical Diseases,1
779,New South Wales,1
799,Novel Ecosystem,1
800,Nylon,1
801,Oarisma Poweshiek,1
778,New Country Record,1
777,New Combination,1
802,Object Classification,1
803,Object Recognition,1
804,Observations,1
776,New Brunswick,1
805,Observer Behaviour,1
807,Occurrence Data,1
830,Outliers,1
831,PLA,1
832,Pacific,1
742,Molecular identification,1
857,Pest,1
752,Multi-organ Plant Classification,1
751,Multi-Organ Plant Identification,1
858,Pest Species,1
750,Mosquitoes,1
748,Morphotypes,1
859,Phanacidini,1
746,Morphological variation,1
745,Monitoring Sdg Indicators,1
860,Pharmacological Actions,1
744,Monarch Butterfly,1
743,Molting,1
741,Molecular,1
759,Naive Bayesian Classifier,1
862,Phelsuma Grandis,1
863,Phelsuma Kochi,1
864,Phenological Activity,1
865,Phenological Stage Annotation,1
740,Mojave Desert,1
786,Next Generation Science Standards,1
868,Photinus Pyralis,1
739,Models,1
738,Mobile Health (Mhealth),1
737,Mobile Apps,1
734,Mobile,1
733,Mitigation,1
856,Peru,1
855,Personal Protective Equipment (Ppe),1
854,Pedagogy,1
853,Pear Trees,1
833,Pacific Orange Leafwing,1
834,Painted Lady Butterfly,1
835,Palaearctic region,1
758,Myriapoda,1
836,Palaestes,1
837,Palearctic Region,1
838,Paleoclimate,1
839,Paleoecology,1
840,Paleo‐Distributions,1
757,Museum Science,1
756,Museum Collections,1
842,Panthera leo,1
843,Papilio,1
844,Papilionidae,1
845,Papilionoidea,1
846,Paradoris,1
847,Parallel Evolution,1
848,Parasite,1
849,Parasitoid,1
850,Parental Factors,1
755,Multiple Introductions,1
754,Multimedia,1
753,Multicity Collaboration,1
851,Participatory Science,1
852,Peak,1
0,2020,1
996,Scientometrics,1
950,Range Shifts,1
1192,Vascular plants,1
1171,Unstructured Data,1
1170,Unsafe Management,1
1169,United States,1
1168,United Nations,1
1167,United Kingdom,1
1166,Uniola Paniculata,1
1165,Ungulates,1
1164,Undergraduate Classes,1
1163,Uma,1
1162,Ulmus pumila,1
1161,Udmurtia,1
1160,Udl,1
1159,USA,1
1158,UPLC-MS/MS,1
1157,Twitter,1
1172,Urban Development,1
1173,Urban Evolution,1
1174,Urban Insect Diversity,1
1184,Uv Patterned Window,1
1190,Vanhornia Eucnemidarum,1
1189,Vanessa cardui,1
1188,Vanessa Atalanta,1
1187,Validation.,1
1186,Validation,1
1185,Valid Publication,1
1183,Utah,1
1176,Urban greening,1
1182,User-generated Content (Ugc),1
1181,User Learning,1
1180,Usa National Phenology Network,1
1179,Us National Park Service,1
1178,Uruguay,1
1177,Urban wildlife,1
1156,Tropical areas,1
1155,Tropical Burnet Moths,1
1154,Trophic Ecology,1
1127,The Information Age,1
1133,Three-finger Toxin,1
1132,Threatened species,1
1131,Thesaurus,1
1130,Thermoregulation,1
1129,Thermal Ecology,1
1128,Theoretical Research,1
1126,Thamnophis,1
1135,Tiga,1
1125,Text Mining,1
1124,Texas,1
1122,Tetrigidae,1
1121,Termites,1
1120,Temperature-dependent Sex Determination,1
1119,Temperature,1
1134,Ticks,1
1136,Tingid,1
1153,Trichoptera,1
1146,Translocated Species,1
1152,Trematode,1
1151,Tree of Life,1
1150,Tree height,1
1149,Tree Health,1
1148,Trauma‐Informed,1
1147,Transportation vectors,1
1145,Transition Rate,1
1137,Togo,1
1143,Transcription,1
1142,Trait Affinities,1
1141,Tracheophytes,1
1140,Tracheophyta,1
1139,Toxomerus,1
1138,Toxicodryas,1
1191,Variation,1
1193,Vector,1
952,Rare Species Conservation,1
1194,Vector-borne Disease,1
1249,epigenomics,1
1247,data mining,1
1246,data management,1
1245,caryophyllaceae,1
1244,beetles,1
1243,automation,1
1242,araneae,1
1241,alpha diversity,1
1240,agroecosystems,1
1239,Zygentoma,1
1238,Zoopagomycota,1
1237,Zoonotic Diseases,1
1236,Zikv Risk,1
1235,Zika,1
1234,Yukon Territory,1
1250,floral traits,1
1251,georeferencing,1
1252,herbal medicine,1
1266,pygmy grasshoppers,1
1273,undergraduate education,1
1272,typification,1
1271,synonymy,1
1270,species delimitation,1
1269,reptile,1
1268,refugia,1
1262,pollination ecology,1
1254,image recognition,1
1261,phylogenetics,1
1260,pest control,1
1259,pathogens,1
1258,nectar,1
1256,mutants,1
1255,moths,1
1233,Yucca,1
1232,Xenosurveillance,1
1231,Wolbachia-Infection,1
1202,Vietnam,1
1208,Visual Attention,1
1207,Visitation,1
1206,Vis Island,1
1205,Viruses,1
1204,Virus,1
1203,Viral Discovery,1
1201,Video analysis,1
1210,Vladimir Oblast,1
1200,Vesperidae,1
1199,Venomous Snakebite,1
1198,Venomics,1
1197,Venezuela,1
1196,Velella Velella,1
1195,Vehicle Mortality,1
1209,Visual Data Classification,1
1211,Volunteered Geographic Information (Vgi),1
1230,Window Collisions/strikes,1
1220,Western Pond Turtle,1
1229,Window Collision/strikes,1
1228,Window Collision/Strike,1
1227,Window Area,1
1226,Wildlife Trade,1
1222,Wildfire,1
1221,Wikidata,1
1219,West Africa,1
1212,Voucher Collections,1
1218,Web Services,1
1217,Water,1
1216,Wallacean Shortfall,1
1215,Walking Leaf,1
1214,Vulnerable,1
1213,Voucher Preparation,1
1118,Telemetry,1
1117,Telecoupling,1
1116,Technology.,1
1115,Technology,1
1007,Sex Determination Systems,1
1006,Service-providing Species,1
1005,Serbia,1
1004,Sensors,1
1003,Selection Of Pseudo‐absences,1
1002,Selection,1
1001,Seasons,1
1000,Season,1
999,Search engine,1
998,Sea anemone,1
997,Sciurus,1
694,Macrohabitat Preferences,1
995,Science Survey Design,1
994,School Of Ants,1
993,Schoenoxiphium,1
1008,Sex Ratio Bias,1
1009,Sex Ratios,1
1010,Sex differences,1
1019,Silverfish,1
1026,Snake Rescue Networks,1
1025,Snake Identification,1
1024,Smartphones,1
1023,Smartphone App,1
1021,Single-cell Amplification,1
1020,Single-Use Plastic (Sup),1
1018,Silent Extinction,1
1011,Sexual selection,1
1017,Signaling,1
1016,Sideroxylon,1
1015,Shrubby Blue Sage,1
1014,Shrikes,1
1013,She Chuang Zi,1
1012,Sharks,1
992,Schizorhinini,1
991,Schistosomiais,1
990,Sceloporus Occidentalis,1
962,Remote Laboratories,1
969,Research Data Infrastructure,1
968,Reptilia,1
966,Reproductive Skew,1
965,Reproductive Interference,1
964,Remote Teaching,1
963,Remote Learning,1
960,Remote Engagement,1
971,Restoration,1
959,Remote,1
958,Relics,1
957,Regenerative,1
955,Rediscovery,1
954,Realized niche,1
953,Rare plant species,1
970,Research Infrastructure,1
972,Resurveys,1
989,Sceloporus,1
982,Río De La Plata Grasslands,1
988,Sars‐cov‐2,1
987,Sapotaceae,1
986,Sampling Frequency,1
985,Sampling Effort,1
984,Salvia,1
983,Salinity,1
980,Rt-qpcr,1
973,Rhizaspidiotus Donacis,1
979,Roving Reports,1
978,Risk Mapping,1
977,Richness,1
976,Rice Pests And Diseases,1
975,Rhododendron Subsect. Ledum,1
974,Rhododendron Groenlandicum,1
1027,Snake ecology,1
1028,Snakebite,1
1029,Snakebite Incidence,1
1084,Stamnodini,1
1091,Subspiracular Gland,1
1090,Student,1
1089,Structured Plant Observations,1
1087,Stigmella Ulmivora,1
1086,Stick Insects,1
1085,Sterrhinae,1
1083,Stakeholder Engagement,1
1093,Surrounding Area,1
1082,Spread,1
1081,Spectrometry,1
1080,Specimens,1
1079,Specimen,1
1078,Species richness,1
1076,Species distribution,1
1092,Subtropics,1
1095,Survey,1
1074,Species Recognition,1
1107,Taenioderini,1
1113,Taxonomic Names,1
1112,Taxonomic Key,1
1111,Taxonomic Concept,1
1110,Taxonomic Best Practices,1
1109,Target,1
1108,Tanzania,1
1105,Systematic Biology,1
1096,Surveys,1
1103,Syrphid Richness,1
1102,Synergini,1
1101,Synanthropic Species,1
1100,Sympatry,1
1099,Sustainable Development Goals,1
1097,Susquehanna River Valley,1
1075,Species composition,1
1073,Species Prediction,1
1030,Snakebite Mitigation,1
1040,Solanum Lycopersicum,1
1046,South Africa,1
1045,Soundscape,1
1044,Sound Recording,1
1043,Sonoran Desert,1
1042,Solomon Islands,1
1041,Solitary Bee,1
1039,Soft Sediment Habitats,1
1050,Southern Illinois,1
1038,Socio‐Ecological Systems,1
1037,Socioeconomic Impacts,1
1036,Social Perception,1
1035,Social Media Networks,1
1032,Social Evolution,1
1031,Snakes,1
1047,South America,1
1051,Southern Taiga,1
1072,Species Occurrence Records,1
1060,Species At Risk,1
1070,Species Monitoring Programs,1
1069,Species Information,1
1068,Species Distributions,1
1066,Species Distribution Modelling,1
1062,Species Checklists,1
1061,Species Boundaries,1
1059,Species Accumulation Curve,1
1052,Spain,1
1058,Species,1
1057,Spatio-temporal Epidemiology,1
1056,Spatial patterns,1
1055,Spatial ecology,1
1054,Spatial Epidemiology,1
1053,Spatial And Temporal Sampling,1
695,Macroinvertebrates,1
637,Isopod,1
693,Macroevolution,1
268,Cracle,1
240,Community College,1
239,Community Assembly,1
238,Communities Of Practice,1
237,Common Garden,1
236,Colouration,1
235,Colour Barcode,1
234,Color Polymorphism,1
233,Color Morphs,1
232,Color,1
231,Colombia,1
230,Collision Prevention,1
229,Collision Deterrent Film,1
228,Collections-based Research,1
227,Collections,1
226,Collection Workflow,1
241,Community Participation,1
243,Community ecology,1
244,Community-driven Environmental Projects,1
255,Conservation Translocation,1
264,Correlated evolution,1
263,Coronavirus Disease 2019 (Covid-19),1
261,Coral Reefs,1
258,Convolutional Networks,1
257,Continuous,1
256,Contiguous United States,1
254,Conservation Technology,1
245,Comparative Biogeography,1
252,Connecticut,1
251,Computing,1
249,Computer Vision & Image Processing,1
248,Competitive Exclusion,1
247,Competition,1
246,Compatibility,1
225,Collection App,1
222,Colchicaceae,1
221,Coincident Disruptive Coloration,1
190,Checklists,1
199,Citizen Science Limits,1
196,Citizen,1
195,Chondrichthyes,1
193,Chikungunya,1
192,Cheloniidae,1
191,Chelonia mydas,1
188,Cetoniini,1
201,Citizen Science/Community Science,1
187,Ceroptresini,1
186,Cerambycidae,1
185,Central America,1
183,Cedar Waxwing,1
182,Cdeps,1
181,Caucasus,1
200,"Citizen Science, Danaus Gilippus Thersippus",1
202,Citizen Scientific Data,1
220,Cognition,1
212,Co1,1
219,Coelenterata,1
218,Cockroaches,1
217,Coccinellinae,1
216,Coccinellidae,1
214,Coastal Dune Flora,1
213,Coast,1
211,Cnidii Fructus,1
203,Cladonotinae,1
210,Cnidaria,1
209,Cloud Cover,1
208,Climatic change,1
206,Climate Predictability,1
205,Climate Fluctuation,1
204,Climate,1
265,Coupled Human–natural Systems,1
269,Crambidae,1
692,Macroecology,1
270,Crickets,1
336,Digital Contact Tracing,1
334,Differential Blending,1
333,Diet Breadth,1
332,Dichotomous Key,1
331,Diastrophini,1
330,Design,1
329,Description,1
328,Dermochelys Coriacea,1
327,Dermochelyidae,1
326,Dermaptera,1
325,Dengue,1
324,Demography,1
323,Deep Learning - Artificial Neural Network,1
320,Deep Convolutional Neural Network,1
319,Decentralization,1
337,Digital Herbariumn,1
338,Digital Plant Collection,1
339,Digital Technology,1
350,Distance/online Learning,1
360,Doleschallia Tongana,1
357,Diy Biology,1
356,Division Of Labor,1
354,Diversification,1
353,Divergence times,1
352,Distribution pattern,1
349,Distance Measurement,1
340,Digitisation,1
348,Disruptive Coloration,1
347,Dispersal,1
346,Disease Ecology,1
345,Discodorididae,1
343,Diplopoda,1
342,Diplolepidini,1
317,Datalogger,1
316,Databasing,1
314,Data-driven Research,1
279,Crowdsourced Images,1
288,Culturally Responsive,1
287,Cultivation,1
285,Ctenophora,1
284,Ctenolepisma Longicaudatum,1
283,Cs,1
280,Crowdsourced Road View Photo,1
278,Crowdsource,1
290,Cyclopia,1
276,Crowd-sourced,1
275,Crowd-Mapping,1
274,Cross-sector Partnerships,1
273,Crop Type,1
272,Croatia,1
271,Crisis Of Faunistic Entomology,1
289,Culturomics,1
291,Cyperaceae,1
311,Data To Action,1
302,Data Intelligence,1
310,Data Science,1
309,Data Repositories,1
306,Data Privacy,1
305,Data Paper,1
304,Data Modeling,1
303,Data Mobilisation,1
301,Data Generation Process,1
292,Cytochrome Oxidase I,1
300,Data Curation,1
299,Data Aggregation,1
298,Data,1
296,Danaus plexippus,1
295,Dalmatia,1
293,Cytogenetics,1
180,Carrion,1
179,Carex,1
178,Carcass Survey,1
177,Carabidae,1
58,Arthropods,1
57,Arthropoda,1
56,Arctic,1
55,Arbovirus,1
54,Arboviral Disease,1
53,Arboreta,1
52,Aranei,1
50,Aquatica Lateralis,1
49,Aptitude,1
48,Apps,1
47,Approach Herkogamy,1
46,Applications,1
45,Apomorphies,1
44,Apoidea,1
43,Apis Dorsata,1
60,Arundo Donax,1
61,Asclepias,1
62,Assisted Migration,1
72,Backyard Studies,1
78,Barriers To Visiting Nature,1
77,Barkhopper,1
76,Barcoding Dna,1
75,Barcoding,1
74,Barbitistini,1
73,Balkan Peninsula,1
71,Aves,1
63,Atlas Of Living Australia,1
70,Average Population Ages,1
69,Automatic Photo Identification,1
68,Automated Plant Species Identification,1
66,Australian Mega-Fires,1
65,Aulacideini,1
64,Audio,1
42,Apidae,1
41,Antohakalava,1
40,Anthropogenic Impacts,1
10,Adriatic,1
16,Alectoris chukar,1
15,Aichi,1
14,Agulhas Current,1
13,Agaristinae,1
12,Advocacy,1
11,Adventive,1
9,Adaptation,1
18,Alien invasive species,1
8,Adansonia,1
6,Actiniaria,1
5,Abundance,1
4,Abiotic stress,1
3,Abiotic,1
2,APP,1
17,Alien Plant Species,1
20,Aliens Species,1
39,Anthropogenic,1
32,Anomalous Flowering,1
38,Anthropocene,1
37,Anthropause,1
36,Anthocyanin,1
35,Anther Smut,1
34,Ant Biodiversity,1
33,Anonymity,1
31,Anjanaharibe-Sud,1
21,Ambient temperature,1
30,Animal-fungus Interaction,1
29,Animal Movement,1
27,Anemonefish,1
25,Amphibians,1
23,Ammophila Breviligulata,1
22,Amblyomma,1
79,Batrachideinae,1
80,Beach Monitoring,1
81,Bee,1
145,Botany App,1
151,Building Structure,1
150,Budburst,1
149,Broad-Nosed Weevils,1
148,British Columbia,1
147,Breeding Seasons,1
146,Brazil,1
143,Botanic Gardens,1
153,Bullfrogs,1
142,Bosnia And Herzegovina,1
141,Born Digital,1
140,Blue Coral Snake,1
139,Blood Meal Reservoir,1
138,Blattodea,1
137,Black Spot,1
152,Built Environment,1
154,Bumble bee,1
135,Birdwatching,1
166,Callomegachile,1
176,Cape Floristic Region (Cfr),1
174,Cape Flora,1
172,Camouflage,1
171,Camera-trap Images,1
168,Camera Trap Images,1
167,Camera Trap Data Management,1
165,California Naturalist,1
156,Bumblebees,1
163,Calcicole,1
162,Cactaceae,1
161,CT scan,1
159,Butterfly Ranching And Farming,1
158,Butterfly Conservation,1
157,Butterfly,1
136,Black Fig Weevil,1
134,Birds,1
84,Benguela Current,1
96,Biodiversity Databases,1
108,Biologging,1
107,Biokovo,1
103,Biodiversity conservation,1
100,Biodiversity Platforms,1
98,Biodiversity Hotspot,1
97,Biodiversity Exploration,1
95,Biodiversity Data Gaps,1
110,Biological Control Of Weeds,1
93,Biodiversity Change,1
91,Biodefense,1
90,Bioclimatic Variables,1
89,Bioblitz,1
86,Bet Hedging,1
85,Bergamasque Alps,1
109,Biological Collections,1
111,Biological Recording,1
133,Bird-friendly Window Film,1
124,Biotic Homogenization,1
131,Bird Window Collisions,1
130,Bird Mortality,1
129,Bird Introductions,1
128,Bird Identification,1
127,Bird Detection,1
126,Bird Conservation,1
122,Biosecurity,1
112,Biological conservation,1
121,Bioscan,1
120,Biorepository,1
119,Biomod2,1
118,Biomimicry,1
117,Bioluminescence,1
116,Biology,1
361,Drainage,1
362,Drehu,1
364,Drying,1
527,Global Museum,1
584,Hvar,1
583,Human-nature Interactions,1
582,Human impacts,1
581,Human Transport,1
580,Hoverfly,1
579,Hover Flies,1
578,Host plants,1
577,Host plant,1
576,Honeybush,1
575,Honey Bee Health,1
573,Holocene,1
572,Holarctic Species,1
571,Historical Surveys,1
570,Historical Demography,1
568,Hirec,1
585,Hydrodynastes Gigas,1
586,Hymenoptera,1
588,Ia,1
601,India,1
608,Infusion,1
607,Information Te﻿chnology,1
606,Information And Communication Technology (Ict),1
605,Information Age,1
603,Informal Education,1
602,Indonesia,1
599,Inclusive Teaching,1
590,Identification Application,1
597,Impacts,1
596,Imbalanced Dataset,1
594,Ile De Bélep,1
593,Ignelater Luminosus,1
592,Identifiers,1
591,Identification Keys,1
567,Himalayas,1
566,High-altitude Endemics,1
565,High Resolution Melt Analysis (Hrm),1
536,Greek Mythology,1
542,Habitat loss,1
541,Habitat,1
540,Gum Bully,1
539,Gulf Of Thailand,1
538,Guam,1
537,Group size,1
535,Grasshoppers,1
544,Haplodiploidy,1
534,Grass Identification,1
533,Graph,1
532,Grande Terre,1
531,Gloriosa Superba,1
530,Global warming,1
529,Global change,1
543,Habitat specificity,1
545,Haplotype Screening,1
564,Hidden Rates Model,1
556,Herbarium specimen,1
563,Hexapoda,1
562,Heuchera Alba,1
561,Heterobranchia,1
560,Hesperiidae,1
559,Herpetological Diversity,1
557,Herpetoculture,1
555,Herbarium Specimens,1
547,Health,1
554,Herbarium Records,1
552,Herbarium Data,1
551,Herbaria,1
550,Hendrik Devriese,1
549,Helping Behaviour,1
548,Helichrysum Species,1
609,Innovation,1
610,Innovation-incubator,1
611,Inquiry‐based Learning,1
663,Lazarus Species,1
670,Lifou,1
669,Life Stage,1
668,Lepismatidae,1
666,Lepidochelys Olivacea,1
665,Legitimate Publication,1
664,Learning,1
662,Latitude,1
672,Limestone flora,1
660,Larva,1
659,Land-use change,1
658,Land cover,1
657,Land Stewardship,1
656,Lamiaceae,1
655,Lama Glama,1
671,Lifu,1
673,Linking,1
653,Lacebug,1
682,Long‐Term Ecological/Ecosystem Research Network,1
689,L’Île-Des-Pins,1
688,Lyme disease,1
687,Luciferase,1
686,Lucanus Cervus,1
685,Lost Species,1
683,Loopers.,1
681,Long-term Survey,1
674,Lion,1
680,Locust Swarms,1
679,Location Invariance,1
678,Location,1
677,Local Abundance,1
676,Lizards,1
675,Little owl,1
654,Ladybugs,1
652,Labrador Tea,1
612,Insect Conservation,1
622,Interaction Design,1
630,Invasion Dynamics,1
629,Invasion Biológica,1
627,Invasion,1
626,Introduction Pathways,1
624,Introduced,1
623,Interoperability,1
620,Integrating Data And Theory,1
632,Invasive,1
619,Integral Projection Model,1
618,Insects,1
617,Insecta,1
615,Insect Sampling,1
614,Insect Management,1
613,Insect Extinction,1
631,Invasion Hotspots,1
634,Island,1
651,Laboulbeniaceae,1
643,Jasminum,1
650,Laboratories,1
649,Knowledge representation,1
648,Knowledge Commons,1
646,Katydids,1
645,Kaggle,1
644,Jizz,1
642,Japanese Barberry,1
635,Isolation‐By‐Adaptation,1
641,Iucn Red List,1
640,Item Response Theory,1
639,Italy,1
638,Isorhipis,1
1,AI,1
636,Isolation‐by‐distance,1
528,Global Positioning Systems,1
526,Global Monitoring,1
365,Dual Nomenclature,1
525,Global Health,1
423,Ericaceae,1
422,Erica,1
420,Environmental Statistics,1
419,Environmental Software,1
418,Environmental Niche Models,1
417,Environmental Literacy,1
416,Environmental Impacts,1
415,Environmental Citizen Science,1
414,Environmental Awareness,1
413,Envenomings,1
412,Entognatha,1
411,Enthusiastic,1
410,Ensemble Classification,1
407,Endangered species,1
406,Endangered,1
424,Eronia Cleodora,1
425,Especies Exóticas,1
426,Especies Introducidas,1
436,Experiential Learning,1
442,Facilitation,1
441,Facebook,1
440,FISH,1
439,Extreme Weather,1
438,Extinction Risk,1
437,Exposure Level,1
435,Experiential Education,1
427,Especies Translocadas,1
433,Evo‐devo,1
432,Evolution,1
431,Evidence Based Husbandry,1
430,Europe,1
429,Eucnemidae,1
428,Estonian Flora,1
405,Empirical Research,1
404,Emerging Infectious Diseases,1
403,Emergency Management,1
373,Early warning,1
379,Eco-Sensitive Zone,1
378,Ebutterfly,1
377,Ebird,1
376,Eastern Europe,1
375,Earwigs,1
374,Early-career,1
372,Early Detection And Eradication,1
381,Ecological Application,1
371,Early Detection,1
370,Early Childhood,1
369,Dynamic Models,1
368,Duration Of Preimaginal Instars,1
367,Duet,1
366,Dual Path Convolutional Neural Network,1
380,Ecoguards,1
382,Ecological Constraints,1
400,Edaphic Specialization,1
393,Ecosystem Reorganization,1
399,Edaphic Endemism,1
398,Ecuador,1
397,Eco‐evolutionary Dynamics,1
396,Eco‐Evo,1
395,Ecosystem health,1
394,Ecosystem Service Flows,1
391,Ecological studies,1
383,Ecological Niche Model,1
389,Ecological monitoring,1
388,Ecological modelling,1
387,Ecological Specialization,1
386,Ecological Software,1
385,Ecological Object Detection,1
384,Ecological Niche Modelling,1
443,Faculty Survey,1
444,Fair Data Principles,1
445,Fair Principles,1
497,Garlic Mustard,1
504,Genomic Quantitative Genetics,1
502,Genetically modified crops,1
501,Genetic drift,1
500,General Surveillance,1
499,Gene Expression,1
498,Gbif,1
496,Gamification,1
507,Genotyping-by-amplicon Sequencing,1
495,Gam,1
494,Galapagos Archipelago,1
492,Fuzzy‐Coded Traits,1
491,Fungal endophyte,1
490,Fundamental Niche,1
489,Functional Traits,1
506,Genotypic Sex Determination,1
508,Genotyping‐by‐sequencing,1
485,Freshwater Biodiversity Monitoring,1
518,Georeference,1
524,Global Environmental Stratification,1
523,Global Data Set,1
522,Global Change Biology,1
521,Global Biodiversity Information Facility (Gbif),1
520,Giant Resin Bee,1
519,Geotagged Images,1
517,Geoprivacy,1
509,Geographic Range Size,1
516,Geometrinae,1
514,Geographically Weighted Regression,1
513,Geographical range,1
512,Geographical Bias,1
511,Geographic information systems,1
510,Geographic Ranges,1
486,Freshwater Insects,1
484,Fossils,1
446,Faunal Dynamics,1
455,Field Education,1
461,Fig Damages,1
460,Fieldwork,1
459,Field Work,1
458,Field Techniques,1
457,Field Instruction,1
456,Field Guides,1
454,Field Ecology,1
463,Firefly,1
453,Field Courses,1
451,Fgvc,1
450,Feral Species,1
449,Female Fecundity,1
448,Feeding Interactions,1
447,Feature Fusion,1
462,Fine-grained Image Classification,1
465,Flickr,1
483,Fossil,1
476,Flower Color Pattern,1
482,Forest Owlet,1
481,Foreign Game Investigation Program,1
480,Flower development,1
479,Flower color,1
478,Flower Whorls,1
477,Flower Flies,1
475,Flower,1
466,Flightless,1
473,Floral Host,1
472,Floral Evolution,1
471,Floral Color,1
470,Flora Incognita,1
469,Flora Assembly,1
467,Flipped Classroom,1
1274,urbanization,1
